{
   "type": "FeatureCollection",
   "features": [
  {
    "type": "Feature",
    "geometry": {
       "type": "Point",
       "coordinates":  [ -93.30137553,44.82541688 ]
    },
    "properties": {
    "id":1,
    "name":"Bloomington Farmers Market",
    "address":"1800 W. Old Shakopee Road",
    "city":"Bloomington",
    "zip":55431,
    "website":"https://www.bloomingtonmn.gov/parks/farmers-market",
    "phone":"952-563-8877",
    "source":"MFMA & WEBSITE",
    "email":"farmersmarket@bloomingtonmn.gov",
    "monday":"",
    "tuesday":"",
    "wednesday":"",
    "thursday":"",
    "friday":"",
    "saturday":"SA: 8am-1pm",
    "sunday":"",
    "ebt":"Yes",
    "season":"6/11-10/15",
    "notes":"Winter Mkt 11/12 & 12/10 9a-Noon",
    "designation":"Farmers Market",
    "pitch":60,
    "bearing":-60,
    "icon":""
    }
  },
  {
    "type": "Feature",
    "geometry": {
       "type": "Point",
       "coordinates":  [ -93.35750062,45.1127099 ]
    },
    "properties": {
    "id":2,
    "name":"Brooklyn Park Farmers Market",
    "address":"8717 Zane Ave",
    "city":"Brooklyn Park",
    "zip":55443,
    "website":"http://www.brooklynpark.org/farmers-market/",
    "phone":"763-493-8333",
    "source":"MN GROWN",
    "email":"farmersmarket@brooklynpark.org",
    "monday":"",
    "tuesday":"",
    "wednesday":"W: 2pm-6pm",
    "thursday":"",
    "friday":"",
    "saturday":"",
    "sunday":"",
    "ebt":"Many vendors",
    "season":"6/22-10/12",
    "notes":"",
    "designation":"Farmers Market",
    "pitch":60,
    "bearing":-60,
    "icon":""
    }
  },
  {
    "type": "Feature",
    "geometry": {
       "type": "Point",
       "coordinates":  [ -93.39553698,45.17417873 ]
    },
    "properties": {
    "id":3,
    "name":"Champlin's Farmers Market",
    "address":"12165 Ensign Ave.",
    "city":"Champlin",
    "zip":55316,
    "website":"http://ci.champlin.mn.us/event/2016-champlin-farmers-market-14/",
    "phone":"763-923-7132",
    "source":"MN GROWN",
    "email":"email@ci.champlin.mn.us",
    "monday":"",
    "tuesday":"",
    "wednesday":"W: 9am-1pm",
    "thursday":"",
    "friday":"",
    "saturday":"",
    "sunday":"",
    "ebt":"Unknown",
    "season":"7/13-10/12",
    "notes":"",
    "designation":"Farmers Market",
    "pitch":60,
    "bearing":-60,
    "icon":""
    }
  },
  {
    "type": "Feature",
    "geometry": {
       "type": "Point",
       "coordinates":  [ -93.56692298,44.9028107 ]
    },
    "properties": {
    "id":4,
    "name":"Excelsior Farmers Market",
    "address":"Water St. Between 2nd & 3rd",
    "city":"Excelsior",
    "zip":55331,
    "website":"http://www.excelsior-lakeminnetonkachamber.com/excelsior-farmers-market.html",
    "phone":"952-474-6461",
    "source":"MFMA & WEBSITE",
    "email":"director@excelsior-lakeminnetonkachamber.com",
    "monday":"",
    "tuesday":"TU: 2pm-6pm",
    "wednesday":"",
    "thursday":"",
    "friday":"",
    "saturday":"",
    "sunday":"",
    "ebt":"No",
    "season":"5/3-10/18",
    "notes":"Closing 10/11-10/18 weather dependent. Possible EBT by individual vendors.",
    "designation":"Farmers Market",
    "pitch":60,
    "bearing":-60,
    "icon":""
    }
  },
  {
    "type": "Feature",
    "geometry": {
       "type": "Point",
       "coordinates":  [ -93.41156024,44.92378331 ]
    },
    "properties": {
    "id":5,
    "name":"Hopkins Farmers Market",
    "address":"16 9th Ave S",
    "city":"Hopkins",
    "zip":55343,
    "website":"http://www.hopkinsfarmersmarket.com/",
    "phone":"952-583-1930 ",
    "source":"MFMA",
    "email":"hopkinsfarmersmarket@gmail.com",
    "monday":"",
    "tuesday":"",
    "wednesday":"",
    "thursday":"",
    "friday":"",
    "saturday":"SA: 7:30am-12pm",
    "sunday":"",
    "ebt":"Yes",
    "season":"6/18-10/29",
    "notes":"",
    "designation":"Farmers Market",
    "pitch":60,
    "bearing":-60,
    "icon":""
    }
  },
  {
    "type": "Feature",
    "geometry": {
       "type": "Point",
       "coordinates":  [ -93.27801925,44.92472722 ]
    },
    "properties": {
    "id":6,
    "name":"Kingfield Farmers Market",
    "address":"4310 Nicollet Ave S",
    "city":"Minneapolis",
    "zip":55409,
    "website":"http://neighborhoodrootsmn.org/about/kingfield/",
    "phone":"612-207-7893",
    "source":"MN GROWN & HC",
    "email":"info@neighborhoodrootsmn.org",
    "monday":"",
    "tuesday":"",
    "wednesday":"",
    "thursday":"",
    "friday":"",
    "saturday":"",
    "sunday":"SU: 8:30am-1pm",
    "ebt":"Yes",
    "season":"5/22-10/30",
    "notes":"",
    "designation":"Farmers Market",
    "pitch":60,
    "bearing":-60,
    "icon":""
    }
  },
  {
    "type": "Feature",
    "geometry": {
       "type": "Point",
       "coordinates":  [ -93.44352027,45.10378175 ]
    },
    "properties": {
    "id":7,
    "name":"Maple Grove Farmers Market",
    "address":"12951 Weaver Lake Road",
    "city":"Maple Grove",
    "zip":55369,
    "website":"http://www.maplegrovefarmersmarket.com",
    "phone":"763-494-5955",
    "source":"MN GROWN & HC",
    "email":"farmersmarket@maplegrovemn.gov",
    "monday":"",
    "tuesday":"",
    "wednesday":"",
    "thursday":"TH: 3pm-7pm",
    "friday":"",
    "saturday":"",
    "sunday":"",
    "ebt":"Yes",
    "season":"6/9-10/20",
    "notes":"3pm-6pm in October",
    "designation":"Farmers Market",
    "pitch":60,
    "bearing":-60,
    "icon":""
    }
  },
  {
    "type": "Feature",
    "geometry": {
       "type": "Point",
       "coordinates":  [ -93.48190432,44.83899622 ]
    },
    "properties": {
    "id":8,
    "name":"Marshall's Farm Market",
    "address":"9100 Eden Prairie Road",
    "city":"Eden Prairie",
    "zip":55347,
    "website":"http://www.marshallsfarmmarket.net/",
    "phone":"952-217-9573",
    "source":"WEBSITE & HC",
    "email":"info@marshallsfarmmarket.net",
    "monday":"M:11am-6:30pm",
    "tuesday":"TU:11am-6:30pm",
    "wednesday":"W:11am-6:30pm",
    "thursday":"TH:11am-6:30pm",
    "friday":"F:11am-6:30pm",
    "saturday":"SA:11am-6:30pm",
    "sunday":"SU:11am-6:30pm",
    "ebt":"No",
    "season":"7/?-11/? Call for info.",
    "notes":"",
    "designation":"Farmers Market",
    "pitch":60,
    "bearing":-60,
    "icon":""
    }
  },
  {
    "type": "Feature",
    "geometry": {
       "type": "Point",
       "coordinates":  [ -93.23893992,44.94798769 ]
    },
    "properties": {
    "id":9,
    "name":"Midtown Farmers Market",
    "address":"2225 E. Lake St.",
    "city":"Minneapolis",
    "zip":55407,
    "website":"http://midtownfarmersmarket.org/",
    "phone":"612-724-7457",
    "source":"MFMA, MN GROWN & HC",
    "email":"manager@midtownfarmersmarket.org",
    "monday":"",
    "tuesday":"TU: 3pm-7pm",
    "wednesday":"",
    "thursday":"",
    "friday":"",
    "saturday":"SA: 8am-1pm",
    "sunday":"",
    "ebt":"Yes",
    "season":"SA: 5/7-10/29 TU: 6/7-10/25",
    "notes":"Adjacent to light rail.",
    "designation":"Farmers Market",
    "pitch":60,
    "bearing":-60,
    "icon":""
    }
  },
  {
    "type": "Feature",
    "geometry": {
       "type": "Point",
       "coordinates":  [ -93.2561532,44.97855772 ]
    },
    "properties": {
    "id":10,
    "name":"Mill City Farmers Market",
    "address":"704 2nd St South",
    "city":"Minneapolis",
    "zip":55401,
    "website":"http://millcityfarmersmarket.org/",
    "phone":"612-341-7580",
    "source":"MN GROWN & HC",
    "email":"info@millcityfarmersmarket.org",
    "monday":"",
    "tuesday":"",
    "wednesday":"",
    "thursday":"",
    "friday":"",
    "saturday":"SA: 8am-1pm ",
    "sunday":"",
    "ebt":"Yes",
    "season":"5/7-10/29",
    "notes":"Hours 9am-1pm Oct.",
    "designation":"Farmers Market",
    "pitch":60,
    "bearing":-60,
    "icon":""
    }
  },
  {
    "type": "Feature",
    "geometry": {
       "type": "Point",
       "coordinates":  [ -93.2671686,44.9752663 ]
    },
    "properties": {
    "id":11,
    "name":"Minneapolis Farmers Market",
    "address":"300 S. 6th St.",
    "city":"Minneapolis",
    "zip":55487,
    "website":"http://www.mplsfarmersmarket.com/FreshNews/about-us/downtown-market/",
    "phone":"612-333-1737",
    "source":"MN GROWN & WEBSITE",
    "email":"N/A",
    "monday":"",
    "tuesday":"",
    "wednesday":"",
    "thursday":"TH: 6am-6pm",
    "friday":"",
    "saturday":"",
    "sunday":"",
    "ebt":"Yes",
    "season":"5/5-11/5",
    "notes":"Temporary location at Hennepin County.",
    "designation":"Farmers Market",
    "pitch":60,
    "bearing":-60,
    "icon":""
    }
  },
  {
    "type": "Feature",
    "geometry": {
       "type": "Point",
       "coordinates":  [ -93.28591978,44.98122731 ]
    },
    "properties": {
    "id":12,
    "name":"Lyndale Minneapolis Farmers Market",
    "address":"312 East Lyndale Ave North",
    "city":"Minneapolis",
    "zip":55405,
    "website":"http://www.mplsfarmersmarket.com/FreshNews/find-us/",
    "phone":"612-333-1718",
    "source":"MN GROWN",
    "email":"pat@mplsfarmersmarket.com",
    "monday":"M: 6am-1pm ",
    "tuesday":"TU: 6am-1pm ",
    "wednesday":"W: 6am-1pm ",
    "thursday":"TH: 6am-1pm ",
    "friday":"F: 6am-1pm ",
    "saturday":"SA: 6am-1pm ",
    "sunday":"SU: 6am-1pm ",
    "ebt":"Yes",
    "season":"4/16-11/?",
    "notes":"",
    "designation":"Farmers Market",
    "pitch":60,
    "bearing":-60,
    "icon":""
    }
  },
  {
    "type": "Feature",
    "geometry": {
       "type": "Point",
       "coordinates":  [ -93.46545567,44.94051853 ]
    },
    "properties": {
    "id":13,
    "name":"Minnetonka Farmers Market",
    "address":"14600 Minnetonka Blvd.",
    "city":"Minnetonka",
    "zip":55345,
    "website":"http://eminnetonka.com/cityevents/farmers-market",
    "phone":"952-939-8203",
    "source":"MN GROWN & HC",
    "email":"farmersmarket@eminnetonka.com",
    "monday":"",
    "tuesday":"TU: 3pm-7pm",
    "wednesday":"",
    "thursday":"",
    "friday":"",
    "saturday":"",
    "sunday":"",
    "ebt":"Yes",
    "season":"6/28-9/27",
    "notes":"",
    "designation":"Farmers Market",
    "pitch":60,
    "bearing":-60,
    "icon":""
    }
  },
  {
    "type": "Feature",
    "geometry": {
       "type": "Point",
       "coordinates":  [ -93.3915226,45.02124937 ]
    },
    "properties": {
    "id":14,
    "name":"New Hope Community Farmers Market",
    "address":"8701 N 36th Ave",
    "city":"New Hope",
    "zip":55428,
    "website":"http://www.newhopemarket.org/",
    "phone":"763-257-2983",
    "source":"WEBSITE & HC",
    "email":"info@newhopemarket.org",
    "monday":"",
    "tuesday":"",
    "wednesday":"",
    "thursday":"",
    "friday":"",
    "saturday":"SA: 8am-1pm",
    "sunday":"",
    "ebt":"Yes",
    "season":"6/18 - 10/8",
    "notes":"9am-1pm Fall hours",
    "designation":"Farmers Market",
    "pitch":60,
    "bearing":-60,
    "icon":""
    }
  },
  {
    "type": "Feature",
    "geometry": {
       "type": "Point",
       "coordinates":  [ -93.26217727,44.99513326 ]
    },
    "properties": {
    "id":15,
    "name":"Northeast Minneapolis Farmers Market",
    "address":"629 2nd St NE",
    "city":"Minneapolis",
    "zip":55413,
    "website":"http://www.northeastmarket.org/saturday-market/",
    "phone":"612-387-0527",
    "source":"MFMA",
    "email":"sarah@northeastmarket.org  ",
    "monday":"",
    "tuesday":"",
    "wednesday":"",
    "thursday":"",
    "friday":"",
    "saturday":"SA: 9am-1pm",
    "sunday":"",
    "ebt":"Yes",
    "season":"5/21-10/22",
    "notes":"",
    "designation":"Farmers Market",
    "pitch":60,
    "bearing":-60,
    "icon":""
    }
  },
  {
    "type": "Feature",
    "geometry": {
       "type": "Point",
       "coordinates":  [ -93.40258024,45.12072336 ]
    },
    "properties": {
    "id":16,
    "name":"Osseo Farmers Market",
    "address":"415 Central Av",
    "city":"Osseo",
    "zip":55369,
    "website":"http://www.discoverosseo.com/event/farmers-market/",
    "phone":"763-425-2624",
    "source":"MN GROWN & HC",
    "email":"kbroden@ci.osseo.mn.us",
    "monday":"",
    "tuesday":"TU: 3:00pm-8:00 pm",
    "wednesday":"",
    "thursday":"",
    "friday":"",
    "saturday":"",
    "sunday":"",
    "ebt":"No",
    "season":"7/7-9/22",
    "notes":"",
    "designation":"Farmers Market",
    "pitch":60,
    "bearing":-60,
    "icon":""
    }
  },
  {
    "type": "Feature",
    "geometry": {
       "type": "Point",
       "coordinates":  [ -93.26585375,44.88715799 ]
    },
    "properties": {
    "id":17,
    "name":"Richfield Farmers Market",
    "address":"64th St. & Portland Ave S",
    "city":"Richfield",
    "zip":55423,
    "website":"http://www.cityofrichfield.org/departments/parks-and-recreation/farmers-market",
    "phone":"612-861-9385",
    "source":"MN GROWN & HC",
    "email":"FarmersMarket@cityofrichfield.org",
    "monday":"",
    "tuesday":"",
    "wednesday":"",
    "thursday":"",
    "friday":"",
    "saturday":"SA: 7am-12pm",
    "sunday":"",
    "ebt":"Yes",
    "season":"5/21-10/22",
    "notes":"SA: 8am-12pm Oct.",
    "designation":"Farmers Market",
    "pitch":60,
    "bearing":-60,
    "icon":""
    }
  },
  {
    "type": "Feature",
    "geometry": {
       "type": "Point",
       "coordinates":  [ -93.55214784,45.18706649 ]
    },
    "properties": {
    "id":18,
    "name":"Rogers Farmers Market",
    "address":"12724 Main St. N",
    "city":"Rogers",
    "zip":55347,
    "website":"http://rogersmn.gov/farmers-market",
    "phone":"763-428-0974",
    "source":"MFMA & MN GROWN",
    "email":"mbauer@ci.rogers.mn.us",
    "monday":"",
    "tuesday":"",
    "wednesday":"W: 3pm-6.30pm",
    "thursday":"",
    "friday":"",
    "saturday":"",
    "sunday":"",
    "ebt":"No",
    "season":"6/8-10/5",
    "notes":"",
    "designation":"Farmers Market",
    "pitch":60,
    "bearing":-60,
    "icon":""
    }
  },
  {
    "type": "Feature",
    "geometry": {
       "type": "Point",
       "coordinates":  [ -93.22781745,44.9743416 ]
    },
    "properties": {
    "id":20,
    "name":"University of Minnesota Farmers Market",
    "address":"200 S.E. Oak St.",
    "city":"Minneapolis",
    "zip":55455,
    "website":"http://www1.umn.edu/ohr/wellness/nutrition/farmersmarket/index.html",
    "phone":"612-624-8647",
    "source":"WEBSITE & MPLS",
    "email":"N/A",
    "monday":"",
    "tuesday":"",
    "wednesday":"W: 11am-2pm",
    "thursday":"",
    "friday":"",
    "saturday":"",
    "sunday":"",
    "ebt":"No",
    "season":"7/13- 10/12",
    "notes":"Located near Gateway Plaza.",
    "designation":"Farmers Market",
    "pitch":60,
    "bearing":-60,
    "icon":""
    }
  },
  {
    "type": "Feature",
    "geometry": {
       "type": "Point",
       "coordinates":  [ -93.32613551,44.86696995 ]
    },
    "properties": {
    "id":21,
    "name":"Centennial Lakes Farmers Market",
    "address":"7499 France Ave",
    "city":"Edina",
    "zip":55435,
    "website":"http://edinamn.gov/index.php?section=centennial-lakes-farmers-market#mcpge",
    "phone":"952-833-9582",
    "source":"MFMA, WEBSITE & HC",
    "email":"mail@EdinaMN.gov",
    "monday":"",
    "tuesday":"",
    "wednesday":"",
    "thursday":"TH: 3pm-7pm",
    "friday":"",
    "saturday":"",
    "sunday":"",
    "ebt":"No",
    "season":"6/16-9/29",
    "notes":"",
    "designation":"Farmers Market",
    "pitch":60,
    "bearing":-60,
    "icon":""
    }
  },
  {
    "type": "Feature",
    "geometry": {
       "type": "Point",
       "coordinates":  [ -93.31581831,44.92463549 ]
    },
    "properties": {
    "id":22,
    "name":"Linden Hills Farmers Market",
    "address":"2813 43rd St W ",
    "city":"Minneapolis",
    "zip":55410,
    "website":"http://www.lindenhillsfarmersmarket.com/",
    "phone":"612-867-0854",
    "source":"MN GROWN & MPLS",
    "email":"libby@frankandernie.com",
    "monday":"",
    "tuesday":"",
    "wednesday":"",
    "thursday":"",
    "friday":"",
    "saturday":"",
    "sunday":"SU: 9am-1pm",
    "ebt":"Pending",
    "season":"5/2 -10/30",
    "notes":"",
    "designation":"Farmers Market",
    "pitch":60,
    "bearing":-60,
    "icon":""
    }
  },
  {
    "type": "Feature",
    "geometry": {
       "type": "Point",
       "coordinates":  [ -93.32496615,44.91363735 ]
    },
    "properties": {
    "id":23,
    "name":"Fulton Farmers Market",
    "address":"4901 Chowen Ave S",
    "city":"Minneapolis",
    "zip":55409,
    "website":"http://neighborhoodrootsmn.org/about/fulton/",
    "phone":"612-207-7893",
    "source":"MN GROWN & MPLS",
    "email":"info@neighborhoodrootsmn.org",
    "monday":"",
    "tuesday":"",
    "wednesday":"",
    "thursday":"",
    "friday":"",
    "saturday":"SA: 8:30am-1pm",
    "sunday":"",
    "ebt":"Yes",
    "season":"5/21-10/29",
    "notes":"",
    "designation":"Farmers Market",
    "pitch":60,
    "bearing":-60,
    "icon":""
    }
  },
  {
    "type": "Feature",
    "geometry": {
       "type": "Point",
       "coordinates":  [ -93.28869608,44.99932608 ]
    },
    "properties": {
    "id":24,
    "name":"West Broadway Farmers Market",
    "address":"718 West Broadway Ave.",
    "city":"Minneapolis",
    "zip":55411,
    "website":"http://www.northmpls.org/westbroadwaymarket",
    "phone":"612-353-5278",
    "source":"MFMA, MN GROWN & MPLS",
    "email":"marketmanager@westbroadway.org",
    "monday":"",
    "tuesday":"",
    "wednesday":"",
    "thursday":"",
    "friday":"F: 3pm-7pm",
    "saturday":"",
    "sunday":"",
    "ebt":"Yes",
    "season":"6/17-10/7",
    "notes":"",
    "designation":"Farmers Market",
    "pitch":60,
    "bearing":-60,
    "icon":""
    }
  },
  {
    "type": "Feature",
    "geometry": {
       "type": "Point",
       "coordinates":  [ -93.66452601,44.93704781 ]
    },
    "properties": {
    "id":25,
    "name":"Mound Farmers Market & More",
    "address":"5515 Shoreline Dr",
    "city":"Mound",
    "zip":55364,
    "website":"http://www.moundfarmersmarketandmore.org/",
    "phone":"952-472-3299",
    "source":"EMAIL",
    "email":"mfmm578@gmail.com",
    "monday":"",
    "tuesday":"",
    "wednesday":"",
    "thursday":"",
    "friday":"",
    "saturday":"SA: 8:30am-12:30pm",
    "sunday":"",
    "ebt":"No",
    "season":"5/14 - 10/8",
    "notes":"",
    "designation":"Farmers Market",
    "pitch":60,
    "bearing":-60,
    "icon":""
    }
  },
  {
    "type": "Feature",
    "geometry": {
       "type": "Point",
       "coordinates":  [ -93.4738889,44.99720222 ]
    },
    "properties": {
    "id":26,
    "name":"Plymouth Farmers Market",
    "address":"15500 County Road 6",
    "city":"Plymouth",
    "zip":55447,
    "website":"http://plymouthmn.gov/index.aspx?page=641",
    "phone":"763-509-5223",
    "source":"MN GROWN",
    "email":"jkoch@plymouthmn.gov",
    "monday":"",
    "tuesday":"",
    "wednesday":"W: 2:30pm-6:30pm",
    "thursday":"",
    "friday":"",
    "saturday":"",
    "sunday":"",
    "ebt":"No",
    "season":"6/22-10/5",
    "notes":"",
    "designation":"Farmers Market",
    "pitch":60,
    "bearing":-60,
    "icon":""
    }
  },
  {
    "type": "Feature",
    "geometry": {
       "type": "Point",
       "coordinates":  [ -93.26240428,44.90862957 ]
    },
    "properties": {
    "id":29,
    "name":"Nokomis Farmers Market",
    "address":"5167 Chicago Ave S",
    "city":"Minneapolis",
    "zip":55417,
    "website":"http://neighborhoodrootsmn.org/about/nokomis/",
    "phone":"612-207-7893",
    "source":"WEBSITE & MPLS",
    "email":"info@neighborhoodrootsmn.org",
    "monday":"",
    "tuesday":"",
    "wednesday":"W: 4pm-8pm",
    "thursday":"",
    "friday":"",
    "saturday":"",
    "sunday":"",
    "ebt":"Yes",
    "season":"6/15-9/28",
    "notes":"Closes at 7 in Sept.",
    "designation":"Farmers Market",
    "pitch":60,
    "bearing":-60,
    "icon":""
    }
  },
  {
    "type": "Feature",
    "geometry": {
       "type": "Point",
       "coordinates":  [ -93.36155858,44.92897927 ]
    },
    "properties": {
    "id":30,
    "name":"Methodist Hospital Farmers Market",
    "address":"6500 Excelsior Blvd",
    "city":"St Louis Park",
    "zip":55426,
    "website":"N/A",
    "phone":"952-993-1092",
    "source":"DIRECT",
    "email":"N/A",
    "monday":"",
    "tuesday":"TU:10am-2pm",
    "wednesday":"",
    "thursday":"",
    "friday":"",
    "saturday":"",
    "sunday":"",
    "ebt":"No",
    "season":"6/21 -Mid Oct",
    "notes":"",
    "designation":"Farmers Market",
    "pitch":60,
    "bearing":-60,
    "icon":""
    }
  },
  {
    "type": "Feature",
    "geometry": {
       "type": "Point",
       "coordinates":  [ -93.50693042,44.96851765 ]
    },
    "properties": {
    "id":32,
    "name":"Wayzata Farmer's Market",
    "address":"301 Promenade Ave",
    "city":"Wayzata",
    "zip":55391,
    "website":"http://wayzatafarmersmarket.weebly.com/",
    "phone":"763-238-2702",
    "source":"MN GROWN",
    "email":"wayzatafarmersmarket@gmail.com",
    "monday":"",
    "tuesday":"",
    "wednesday":"",
    "thursday":"TH: 2pm-6pm",
    "friday":"",
    "saturday":"",
    "sunday":"",
    "ebt":"No",
    "season":"5/12-10/27",
    "notes":"",
    "designation":"Farmers Market",
    "pitch":60,
    "bearing":-60,
    "icon":""
    }
  },
  {
    "type": "Feature",
    "geometry": {
       "type": "Point",
       "coordinates":  [ -93.30941405,45.03584524 ]
    },
    "properties": {
    "id":33,
    "name":"Camden Farmers Market",
    "address":"4400 Osseo Rd",
    "city":"Minneapolis",
    "zip":55412,
    "website":"https://www.facebook.com/CamdenFarmersMarketMpls",
    "phone":"612-703-9609",
    "source":"MPLS & FACEBOOK",
    "email":"Camdenfarmersmarket@gmail.com",
    "monday":"",
    "tuesday":"",
    "wednesday":"",
    "thursday":"TH: 3pm-8pm",
    "friday":"",
    "saturday":"",
    "sunday":"",
    "ebt":"Yes",
    "season":"7/14 - 10/6",
    "notes":"",
    "designation":"Farmers Market",
    "pitch":60,
    "bearing":-60,
    "icon":""
    }
  },
  {
    "type": "Feature",
    "geometry": {
       "type": "Point",
       "coordinates":  [ -93.425967,45.20233 ]
    },
    "properties": {
    "id":36,
    "name":"Dayton Village Farmers Market",
    "address":"11311 Dayton River Road",
    "city":"Dayton",
    "zip":55327,
    "website":"http://cityofdaytonmn.com/index.asp?SEC=C251CA5B-3143-44E6-9F74-10DDFF7E427D&DE=F544D0C5-4894-465C-922E-570BDD0E1F36&Type=B_PR",
    "phone":"763-428-4692",
    "source":"WEBSITE",
    "email":"kselthofner@cityofdaytonmn.com",
    "monday":"",
    "tuesday":"",
    "wednesday":"",
    "thursday":"",
    "friday":"F: 2pm-6:30pm",
    "saturday":"",
    "sunday":"",
    "ebt":"Check with vendors",
    "season":"6/17-10/7",
    "notes":"",
    "designation":"Farmers Market",
    "pitch":60,
    "bearing":-60,
    "icon":""
    }
  },
  {
    "type": "Feature",
    "geometry": {
       "type": "Point",
       "coordinates":  [ -93.23834081,44.96620648 ]
    },
    "properties": {
    "id":37,
    "name":"West Bank Farmers' Market Augsburg Campus",
    "address":"701 22nd Ave. S.",
    "city":"Minneapolis",
    "zip":null,
    "website":"HTTP://WWW.AUGSBURG.EDU/CAMPUSKITCHEN/WHAT-WE-DO-2/FARMERSMARKETS/",
    "phone":"612-330-1624 ",
    "source":"Web Search",
    "email":"campuskitchen@augsburg.edu",
    "monday":"",
    "tuesday":"TU: 11am-1pm",
    "wednesday":"",
    "thursday":"",
    "friday":"",
    "saturday":"",
    "sunday":"",
    "ebt":"Yes",
    "season":"7/5-9/27",
    "notes":"",
    "designation":"Farmers Market",
    "pitch":60,
    "bearing":-60,
    "icon":""
    }
  },
  {
    "type": "Feature",
    "geometry": {
       "type": "Point",
       "coordinates":  [ -93.27257694,44.97606939 ]
    },
    "properties": {
    "id":39,
    "name":"IDS Crystal Court Farmers Market",
    "address":"80 8th St S",
    "city":"Minneapolis",
    "zip":55402,
    "website":"N/A",
    "phone":"612-839-4180",
    "source":"MPLS",
    "email":"ken@livinggreens.net",
    "monday":"",
    "tuesday":"TU: 10am-5pm",
    "wednesday":"",
    "thursday":"",
    "friday":"",
    "saturday":"",
    "sunday":"",
    "ebt":"No",
    "season":"5/3-12/?",
    "notes":"",
    "designation":"Farmers Market",
    "pitch":60,
    "bearing":-60,
    "icon":""
    }
  },
  {
    "type": "Feature",
    "geometry": {
       "type": "Point",
       "coordinates":  [ -93.24707484,44.96894848 ]
    },
    "properties": {
    "id":41,
    "name":"West Bank Cedar Farmers Market",
    "address":"427 Cedar Ave",
    "city":"Minneapolis",
    "zip":55454,
    "website":"http://www.augsburg.edu/CAMPUSKITCHEN/WHAT-WE-DO-2/FARMERSMARKETS/",
    "phone":"612-330-1624",
    "source":"",
    "email":"campuskitchen@augsburg.edu",
    "monday":"",
    "tuesday":"TU: 3pm-6pm",
    "wednesday":"",
    "thursday":"",
    "friday":"",
    "saturday":"",
    "sunday":"",
    "ebt":"Yes",
    "season":"7/5-9/27",
    "notes":"",
    "designation":"Farmers Market",
    "pitch":60,
    "bearing":-60,
    "icon":""
    }
  },
  {
    "type": "Feature",
    "geometry": {
       "type": "Point",
       "coordinates":  [ -93.25211955,44.96252391 ]
    },
    "properties": {
    "id":43,
    "name":"Four Sisters Farmers Market",
    "address":"2001 Bloomington Ave S",
    "city":"Minneapolis",
    "zip":55404,
    "website":"https://www.facebook.com/foursistersmarket?fref=ts",
    "phone":"N/A",
    "source":"MPLS",
    "email":"afairbanks@nacdi.org",
    "monday":"Pending",
    "tuesday":"Pending",
    "wednesday":"Pending",
    "thursday":"Pending",
    "friday":"Pending",
    "saturday":"Pending",
    "sunday":"Pending",
    "ebt":"No",
    "season":"Pending",
    "notes":"",
    "designation":"Farmers Market",
    "pitch":60,
    "bearing":-60,
    "icon":""
    }
  },
  {
    "type": "Feature",
    "geometry": {
       "type": "Point",
       "coordinates":  [ -93.874389,45.173301 ]
    },
    "properties": {
    "id":45,
    "name":"Buffalo Farmers Market",
    "address":"100 1st Ave. NE",
    "city":"Buffalo ",
    "zip":55313,
    "website":"http://buffalofarmersmarket.com",
    "phone":"763-682-3758",
    "source":"",
    "email":"N/A",
    "monday":"",
    "tuesday":"",
    "wednesday":"",
    "thursday":"",
    "friday":"",
    "saturday":"SA: 8 am to 12 pm",
    "sunday":"",
    "ebt":"Unknown",
    "season":"",
    "notes":"",
    "designation":"Farmers Market",
    "pitch":60,
    "bearing":-60,
    "icon":""
    }
  },
  {
    "type": "Feature",
    "geometry": {
       "type": "Point",
       "coordinates":  [ -92.45596,44.00113 ]
    },
    "properties": {
    "id":46,
    "name":"Rochester Farmers Market",
    "address":"4th Ave. and 4th St. SE",
    "city":"Rochester",
    "zip":55904,
    "website":"http://rochesterdowntownfarmersmarket.org",
    "phone":"507-273-8232",
    "source":"",
    "email":"N/A",
    "monday":"",
    "tuesday":"",
    "wednesday":"W: 2 to 6 pm",
    "thursday":"",
    "friday":"",
    "saturday":"SA: 7:30 am to 12 pm",
    "sunday":"",
    "ebt":"Unknown",
    "season":"",
    "notes":"Rochester Farmers Market ",
    "designation":"Farmers Market",
    "pitch":60,
    "bearing":-60,
    "icon":""
    }
  },
  {
    "type": "Feature",
    "geometry": {
       "type": "Point",
       "coordinates":  [ -93.16174,44.4551 ]
    },
    "properties": {
    "id":47,
    "name":"Northfield Riverwalk Market Fair",
    "address":"S Water St. and W 5th St.",
    "city":"Northfield",
    "zip":55057,
    "website":"http://riverwalkmarketfair.org",
    "phone":"",
    "source":"",
    "email":"N/A",
    "monday":"",
    "tuesday":"",
    "wednesday":"",
    "thursday":"",
    "friday":"",
    "saturday":"SA: 9 am to 1 pm",
    "sunday":"",
    "ebt":"Unknown",
    "season":"",
    "notes":"",
    "designation":"Farmers Market",
    "pitch":60,
    "bearing":-60,
    "icon":""
    }
  },
  {
    "type": "Feature",
    "geometry": {
       "type": "Point",
       "coordinates":  [ -93.24289017,44.64583183 ]
    },
    "properties": {
    "id":48,
    "name":"Lakeville Farmers Market",
    "address":"20965 Holyoke Ave.",
    "city":"Lakeville",
    "zip":55044,
    "website":"http://stpaulfarmersmarket.com/members/locations/lakeville-saturday.",
    "phone":"651-227-8101",
    "source":"",
    "email":"N/A",
    "monday":"",
    "tuesday":"",
    "wednesday":"",
    "thursday":"",
    "friday":"",
    "saturday":"SA: 9 am to 1 pm",
    "sunday":"",
    "ebt":"Unknown",
    "season":"",
    "notes":"Lakeville Area Arts Center",
    "designation":"Farmers Market",
    "pitch":60,
    "bearing":-60,
    "icon":""
    }
  },
  {
    "type": "Feature",
    "geometry": {
       "type": "Point",
       "coordinates":  [ -93.42461,44.7143 ]
    },
    "properties": {
    "id":49,
    "name":"Prior Lake Farmers Market",
    "address":"16228 Main St. SE",
    "city":"Prior Lake ",
    "zip":55372,
    "website":"http://priorlakefarmersmarket.com",
    "phone":"952-447-0263",
    "source":"",
    "email":"N/A",
    "monday":"",
    "tuesday":"",
    "wednesday":"",
    "thursday":"",
    "friday":"",
    "saturday":"SA: 8 am to 12 pm ",
    "sunday":"",
    "ebt":"Unknown",
    "season":"",
    "notes":"",
    "designation":"Farmers Market",
    "pitch":60,
    "bearing":-60,
    "icon":""
    }
  },
  {
    "type": "Feature",
    "geometry": {
       "type": "Point",
       "coordinates":  [ -93.20869,44.73479 ]
    },
    "properties": {
    "id":50,
    "name":"Apple Valley Farmers Market",
    "address":"7100 W 147th St.",
    "city":"Apple Valley",
    "zip":55124,
    "website":"http://stpaulfarmersmarket.com/products/locations/apple-valley-market",
    "phone":"651-227-8101",
    "source":"",
    "email":"N/A",
    "monday":"",
    "tuesday":"",
    "wednesday":"",
    "thursday":"",
    "friday":"",
    "saturday":"SA: 8 am to 1 pm",
    "sunday":"",
    "ebt":"Unknown",
    "season":"",
    "notes":"Apple Valley Municipal Center ",
    "designation":"Farmers Market",
    "pitch":60,
    "bearing":-60,
    "icon":""
    }
  },
  {
    "type": "Feature",
    "geometry": {
       "type": "Point",
       "coordinates":  [ -93.12753,44.74771 ]
    },
    "properties": {
    "id":51,
    "name":"Rosemount Market",
    "address":"13885 S Robert Trail",
    "city":"Rosemount",
    "zip":55068,
    "website":"http://stpaulfarmersmarket.com/members/locations/rosemount-market",
    "phone":"651-227-8101",
    "source":"",
    "email":"N/A",
    "monday":"",
    "tuesday":"TU: 1 to 5 pm",
    "wednesday":"",
    "thursday":"",
    "friday":"",
    "saturday":"",
    "sunday":"",
    "ebt":"Unknown",
    "season":"",
    "notes":"",
    "designation":"Farmers Market",
    "pitch":60,
    "bearing":-60,
    "icon":""
    }
  },
  {
    "type": "Feature",
    "geometry": {
       "type": "Point",
       "coordinates":  [ -93.28155,44.77242 ]
    },
    "properties": {
    "id":52,
    "name":"Burnsville Farmers Market",
    "address":"200 W Burnsville PKWY",
    "city":"Burnsville",
    "zip":55337,
    "website":"http://stpaulfarmersmarket.com/members/locations/burnsville",
    "phone":"651-227-8101",
    "source":"",
    "email":"N/A",
    "monday":"",
    "tuesday":"",
    "wednesday":"",
    "thursday":"",
    "friday":"",
    "saturday":"SA: 8 am to 1 pm",
    "sunday":"",
    "ebt":"Unknown",
    "season":"",
    "notes":"",
    "designation":"Farmers Market",
    "pitch":60,
    "bearing":-60,
    "icon":""
    }
  },
  {
    "type": "Feature",
    "geometry": {
       "type": "Point",
       "coordinates":  [ -93.34020321,44.77843497 ]
    },
    "properties": {
    "id":53,
    "name":"Savage Farmers Market",
    "address":"4800 W 123rd St.",
    "city":"Savage",
    "zip":55378,
    "website":"http://stpaulfarmersmarket.com/members/locations/savage-market",
    "phone":"651-227-8101",
    "source":"",
    "email":"N/A",
    "monday":"M: 8 am to 1 pm",
    "tuesday":"",
    "wednesday":"",
    "thursday":"",
    "friday":"",
    "saturday":"",
    "sunday":"SU: 8 am to 1 pm",
    "ebt":"Unknown",
    "season":"",
    "notes":"Savage Depot ",
    "designation":"Farmers Market",
    "pitch":60,
    "bearing":-60,
    "icon":""
    }
  },
  {
    "type": "Feature",
    "geometry": {
       "type": "Point",
       "coordinates":  [ -93.230578,44.789364 ]
    },
    "properties": {
    "id":54,
    "name":"Burnsville Farmers Market",
    "address":"3333 Cliff RD",
    "city":"Burnsville",
    "zip":55337,
    "website":"http://stpaulfarmersmarket.com/members/locations/burnsville-market",
    "phone":"651-227-8101",
    "source":"",
    "email":"N/A",
    "monday":"",
    "tuesday":"",
    "wednesday":"",
    "thursday":"TH: 12 pm to 5 pm",
    "friday":"",
    "saturday":"",
    "sunday":"",
    "ebt":"Unknown",
    "season":"",
    "notes":"Mary Mother of the Church ",
    "designation":"Farmers Market",
    "pitch":60,
    "bearing":-60,
    "icon":""
    }
  },
  {
    "type": "Feature",
    "geometry": {
       "type": "Point",
       "coordinates":  [ -93.0631,44.8305 ]
    },
    "properties": {
    "id":55,
    "name":"Inver Grove Heights Farmers Market",
    "address":"8055 Barbara Ave.",
    "city":"Inver Grove Heights",
    "zip":55077,
    "website":"http://stpaulfarmersmarket.com/members/locations/inver-grove-heights",
    "phone":"651-227-8101",
    "source":"",
    "email":"N/A",
    "monday":"M: 8 am to 1 pm",
    "tuesday":"",
    "wednesday":"",
    "thursday":"",
    "friday":"",
    "saturday":"",
    "sunday":"",
    "ebt":"Unknown",
    "season":"",
    "notes":"next Sunday Veteran�s Memorial Community Center",
    "designation":"Farmers Market",
    "pitch":60,
    "bearing":-60,
    "icon":""
    }
  },
  {
    "type": "Feature",
    "geometry": {
       "type": "Point",
       "coordinates":  [ -92.78329348,44.89925946 ]
    },
    "properties": {
    "id":56,
    "name":"Afton Farmers Market",
    "address":"3418 St. Croix Tr S",
    "city":"Afton",
    "zip":55001,
    "website":"http://exploreafton.com/afton-farmers-market/",
    "phone":"N/A",
    "source":"",
    "email":"N/A",
    "monday":"",
    "tuesday":"",
    "wednesday":"",
    "thursday":"TH: 4 to 7 pm",
    "friday":"",
    "saturday":"",
    "sunday":"",
    "ebt":"Unknown",
    "season":"",
    "notes":"",
    "designation":"Farmers Market",
    "pitch":60,
    "bearing":-60,
    "icon":""
    }
  },
  {
    "type": "Feature",
    "geometry": {
       "type": "Point",
       "coordinates":  [ -93.08063,44.91255 ]
    },
    "properties": {
    "id":58,
    "name":"West Street Paul Farmers Market",
    "address":"E Butler Ave. and S Robert St.",
    "city":"St. Paul ",
    "zip":55118,
    "website":"http://stpaulfarmersmarket.com/members/locations/west-saint-paul-market",
    "phone":"651-227-8101",
    "source":"",
    "email":"N/A",
    "monday":"",
    "tuesday":"",
    "wednesday":"",
    "thursday":"",
    "friday":"F: 8 am to 12 pm",
    "saturday":"",
    "sunday":"",
    "ebt":"Unknown",
    "season":"",
    "notes":"Signal Hills Shopping Center",
    "designation":"Farmers Market",
    "pitch":60,
    "bearing":-60,
    "icon":""
    }
  },
  {
    "type": "Feature",
    "geometry": {
       "type": "Point",
       "coordinates":  [ -92.93316,44.91597 ]
    },
    "properties": {
    "id":59,
    "name":"Woodbury Farmers Market",
    "address":"2175 Radio Dr.",
    "city":"Woodbury",
    "zip":55125,
    "website":"http://stpaulfarmersmarket.com/members/locations/woodbury-market",
    "phone":"651-227-8101",
    "source":"",
    "email":"N/A",
    "monday":"M: 8 am to 1 pm",
    "tuesday":"",
    "wednesday":"",
    "thursday":"",
    "friday":"",
    "saturday":"",
    "sunday":"SU: 8 am to 1 pm",
    "ebt":"Unknown",
    "season":"",
    "notes":" ",
    "designation":"Farmers Market",
    "pitch":60,
    "bearing":-60,
    "icon":""
    }
  },
  {
    "type": "Feature",
    "geometry": {
       "type": "Point",
       "coordinates":  [ -93.14523,44.94191 ]
    },
    "properties": {
    "id":61,
    "name":"St. Thomas More Church Farmers Market",
    "address":"1079 Summit Ave. ",
    "city":"St. Paul",
    "zip":55105,
    "website":"http://stpaulfarmersmarket.com/members/locations/st-thomas-more-church-summer-hours",
    "phone":"651-227-8101",
    "source":"",
    "email":"N/A",
    "monday":"",
    "tuesday":"",
    "wednesday":"",
    "thursday":"",
    "friday":"F: 1:15 to 5 pm",
    "saturday":"",
    "sunday":"",
    "ebt":"Unknown",
    "season":"",
    "notes":"",
    "designation":"Farmers Market",
    "pitch":60,
    "bearing":-60,
    "icon":""
    }
  },
  {
    "type": "Feature",
    "geometry": {
       "type": "Point",
       "coordinates":  [ -93.08508,44.94959 ]
    },
    "properties": {
    "id":62,
    "name":"St. Paul Farmers Market",
    "address":"290 5th St. E",
    "city":"St. Paul",
    "zip":55101,
    "website":"http://stpaulfarmersmarket.com",
    "phone":"651-227-8101",
    "source":"",
    "email":"N/A",
    "monday":"M: 8 am to 1 pm",
    "tuesday":"",
    "wednesday":"",
    "thursday":"",
    "friday":"",
    "saturday":"SA: 6 am to 1 pm",
    "sunday":"SU: 8 am to 1 pm",
    "ebt":"Unknown",
    "season":"",
    "notes":"",
    "designation":"Farmers Market",
    "pitch":60,
    "bearing":-60,
    "icon":""
    }
  },
  {
    "type": "Feature",
    "geometry": {
       "type": "Point",
       "coordinates":  [ -93.28013,44.95522 ]
    },
    "properties": {
    "id":63,
    "name":"Whittier Farmers Market",
    "address":"2608 Blaisdell Ave.",
    "city":"Minneapolis ",
    "zip":55408,
    "website":"http://whittierfarmersmarket.com",
    "phone":"N/A",
    "source":"",
    "email":"N/A",
    "monday":"",
    "tuesday":"",
    "wednesday":"",
    "thursday":"",
    "friday":"",
    "saturday":"SA: 8:30 am-1 pm",
    "sunday":"",
    "ebt":"Unknown",
    "season":"",
    "notes":"Calvary Baptist Church",
    "designation":"Farmers Market",
    "pitch":60,
    "bearing":-60,
    "icon":""
    }
  },
  {
    "type": "Feature",
    "geometry": {
       "type": "Point",
       "coordinates":  [ -92.96499,44.97176 ]
    },
    "properties": {
    "id":64,
    "name":"Oakdale Farmers Market",
    "address":"1584 Hadley Ave.",
    "city":"Oakdale ",
    "zip":55128,
    "website":"http://ci.oakdalEmn.us/index.asp?Type=B_BASIC&SEC=%7B10750054-AD05-4F42-AD46-9CDBFA0E031E%7D",
    "phone":"651-747-3872",
    "source":"",
    "email":"N/A",
    "monday":"",
    "tuesday":"",
    "wednesday":"",
    "thursday":"W: 2 to 6 pm",
    "friday":"",
    "saturday":"",
    "sunday":"",
    "ebt":"Unknown",
    "season":"",
    "notes":"Richard Walton Park",
    "designation":"Farmers Market",
    "pitch":60,
    "bearing":-60,
    "icon":""
    }
  },
  {
    "type": "Feature",
    "geometry": {
       "type": "Point",
       "coordinates":  [ -92.71991,44.97479 ]
    },
    "properties": {
    "id":65,
    "name":"Hudson Farmers Market",
    "address":"777 Carmichael RD",
    "city":"Hudson",
    "zip":54016,
    "website":"http://hudsonfarmersmarketcarmichael.com",
    "phone":"N/A",
    "source":"",
    "email":"N/A",
    "monday":"",
    "tuesday":"",
    "wednesday":"",
    "thursday":"",
    "friday":"",
    "saturday":"SA: 8 am to 12 pm",
    "sunday":"",
    "ebt":"Unknown",
    "season":"",
    "notes":"Faith Community Church Hudson",
    "designation":"Farmers Market",
    "pitch":60,
    "bearing":-60,
    "icon":""
    }
  },
  {
    "type": "Feature",
    "geometry": {
       "type": "Point",
       "coordinates":  [ -93.266144,44.976749 ]
    },
    "properties": {
    "id":66,
    "name":"Minneapolis Government Center Market",
    "address":"300 S 6th St.",
    "city":"Minneapolis ",
    "zip":55487,
    "website":"http://mplsfarmersmarket.com",
    "phone":"612-333-1718",
    "source":"",
    "email":"N/A",
    "monday":"",
    "tuesday":"",
    "wednesday":"",
    "thursday":"",
    "friday":"TH: 6 am to 6 pm",
    "saturday":"",
    "sunday":"",
    "ebt":"Unknown",
    "season":"",
    "notes":"Hennepin County Government Center",
    "designation":"Farmers Market",
    "pitch":60,
    "bearing":-60,
    "icon":""
    }
  },
  {
    "type": "Feature",
    "geometry": {
       "type": "Point",
       "coordinates":  [ -93.14405213,44.98363304 ]
    },
    "properties": {
    "id":67,
    "name":"Como Park Dockside Farmers Market",
    "address":"1360 N Lexington Ave.",
    "city":"St. Paul",
    "zip":55103,
    "website":"http://stpaulfarmersmarket.com/members/locations/como-park-dockside",
    "phone":"651-227-8101",
    "source":"",
    "email":"N/A",
    "monday":"",
    "tuesday":"",
    "wednesday":"",
    "thursday":"",
    "friday":"TH: 2 to 6 pm",
    "saturday":"",
    "sunday":"",
    "ebt":"Unknown",
    "season":"",
    "notes":"",
    "designation":"Farmers Market",
    "pitch":60,
    "bearing":-60,
    "icon":""
    }
  },
  {
    "type": "Feature",
    "geometry": {
       "type": "Point",
       "coordinates":  [ -93.37878,44.98696 ]
    },
    "properties": {
    "id":68,
    "name":"Golden Valley Farmers Market",
    "address":"7800 Golden Valley RD",
    "city":"Golden Valley",
    "zip":55427,
    "website":"http://marketinthevalley.org",
    "phone":"612-440-2648",
    "source":"",
    "email":"N/A",
    "monday":"M: 9 am to 1 pm",
    "tuesday":"",
    "wednesday":"",
    "thursday":"",
    "friday":"",
    "saturday":"",
    "sunday":"SU: 9 am to 1 pm",
    "ebt":"Unknown",
    "season":"",
    "notes":"Golden Valley City Hall",
    "designation":"Farmers Market",
    "pitch":60,
    "bearing":-60,
    "icon":""
    }
  },
  {
    "type": "Feature",
    "geometry": {
       "type": "Point",
       "coordinates":  [ -93.02346,44.99699 ]
    },
    "properties": {
    "id":69,
    "name":"Maplewood Farmers Market",
    "address":"1850 White Bear Ave. N",
    "city":"Maplewood",
    "zip":55109,
    "website":"http://stpaulfarmersmarket.com/members/locations/aldrich-arena-market",
    "phone":"651-227-8101",
    "source":"",
    "email":"N/A",
    "monday":"",
    "tuesday":"",
    "wednesday":"",
    "thursday":"W: 8 am to 12 pm",
    "friday":"",
    "saturday":"",
    "sunday":"",
    "ebt":"Unknown",
    "season":"",
    "notes":"Aldrich Arena",
    "designation":"Farmers Market",
    "pitch":60,
    "bearing":-60,
    "icon":""
    }
  },
  {
    "type": "Feature",
    "geometry": {
       "type": "Point",
       "coordinates":  [ -93.1783,45.00497 ]
    },
    "properties": {
    "id":70,
    "name":"Roseville Farmers Market",
    "address":"2131 Fairview Ave. N",
    "city":"Roseville",
    "zip":55113,
    "website":"http://stpaulfarmersmarket.com/members/locations/roseville-market",
    "phone":"651-227-8101",
    "source":"",
    "email":"N/A",
    "monday":"",
    "tuesday":"",
    "wednesday":"TU: 8 am to 12 pm",
    "thursday":"",
    "friday":"",
    "saturday":"",
    "sunday":"",
    "ebt":"Unknown",
    "season":"",
    "notes":"Corpus Christi Catholic Church",
    "designation":"Farmers Market",
    "pitch":60,
    "bearing":-60,
    "icon":""
    }
  },
  {
    "type": "Feature",
    "geometry": {
       "type": "Point",
       "coordinates":  [ -93.05196,45.05138 ]
    },
    "properties": {
    "id":72,
    "name":"Vadnais Heights Farmers Market",
    "address":"1155 E Cty RD E",
    "city":"Vadnais Heights",
    "zip":55110,
    "website":"http://stpaulfarmersmarket.com/members/locations/vadnais",
    "phone":"651-227-8101",
    "source":"",
    "email":"N/A",
    "monday":"",
    "tuesday":"",
    "wednesday":"W: 2 to 6 pm",
    "thursday":"",
    "friday":"",
    "saturday":"",
    "sunday":"",
    "ebt":"Unknown",
    "season":"",
    "notes":"Allina Health",
    "designation":"Farmers Market",
    "pitch":60,
    "bearing":-60,
    "icon":""
    }
  },
  {
    "type": "Feature",
    "geometry": {
       "type": "Point",
       "coordinates":  [ -93.13526688,45.0808218 ]
    },
    "properties": {
    "id":73,
    "name":"Shoreview Farmers Market",
    "address":"4580 N Victoria St.",
    "city":"Shoreview ",
    "zip":55126,
    "website":"http://shoreviewcommunitycenter.com/programs/special-events/farmers-market",
    "phone":"651-490-4734",
    "source":"",
    "email":"N/A",
    "monday":"",
    "tuesday":"TU: 3 to 7 pm",
    "wednesday":"",
    "thursday":"",
    "friday":"",
    "saturday":"",
    "sunday":"",
    "ebt":"Unknown",
    "season":"",
    "notes":"Shoreview Community Center",
    "designation":"Farmers Market",
    "pitch":60,
    "bearing":-60,
    "icon":""
    }
  },
  {
    "type": "Feature",
    "geometry": {
       "type": "Point",
       "coordinates":  [ -93.7346,45.08856 ]
    },
    "properties": {
    "id":74,
    "name":"Rockford Farmers Market",
    "address":"6031 Main St. Rockford",
    "city":"Minneapolis",
    "zip":55373,
    "website":"http://rockfordmarket.weebly.com",
    "phone":"N/A",
    "source":"",
    "email":"N/A",
    "monday":"",
    "tuesday":"",
    "wednesday":"",
    "thursday":"",
    "friday":"F: 3 to 6:30 pm",
    "saturday":"",
    "sunday":"",
    "ebt":"Unknown",
    "season":"",
    "notes":"",
    "designation":"Farmers Market",
    "pitch":60,
    "bearing":-60,
    "icon":""
    }
  },
  {
    "type": "Feature",
    "geometry": {
       "type": "Point",
       "coordinates":  [ -93.35643,45.21896 ]
    },
    "properties": {
    "id":75,
    "name":"Andover Farmers Market",
    "address":"13655 Round Lake Blvd",
    "city":"Andover",
    "zip":55304,
    "website":"http://stpaulfarmersmarket.com/members/locations/andover-market",
    "phone":"651-227-8101",
    "source":"",
    "email":"N/A",
    "monday":"",
    "tuesday":"TU: 2 to 6 pm",
    "wednesday":"",
    "thursday":"",
    "friday":"",
    "saturday":"",
    "sunday":"",
    "ebt":"Unknown",
    "season":"",
    "notes":"Grace Lutheran Church",
    "designation":"Farmers Market",
    "pitch":60,
    "bearing":-60,
    "icon":""
    }
  },
  {
    "type": "Feature",
    "geometry": {
       "type": "Point",
       "coordinates":  [ -93.79923,45.30201 ]
    },
    "properties": {
    "id":76,
    "name":"Monticello Farmers Market",
    "address":"200 W 6th St. Monticello",
    "city":"Monticello",
    "zip":55362,
    "website":"http://monticellocommunitycenter.com/farmers-market.html",
    "phone":"763-271-7124",
    "source":"",
    "email":"N/A",
    "monday":"",
    "tuesday":"",
    "wednesday":"",
    "thursday":"TH: 3:30 to 7 pm",
    "friday":"",
    "saturday":"",
    "sunday":"",
    "ebt":"Unknown",
    "season":"",
    "notes":"Monticello Public Library",
    "designation":"Farmers Market",
    "pitch":60,
    "bearing":-60,
    "icon":""
    }
  },
  {
    "type": "Feature",
    "geometry": {
       "type": "Point",
       "coordinates":  [ -92.89025,45.3727 ]
    },
    "properties": {
    "id":77,
    "name":"Chisago City Farmers Market",
    "address":"10656 Railroad Ave.",
    "city":"Chisago City",
    "zip":55013,
    "website":"http://chisagocityfarmersmarket.com",
    "phone":"N/A",
    "source":"",
    "email":"N/A",
    "monday":"",
    "tuesday":"",
    "wednesday":"",
    "thursday":"",
    "friday":"F: 2 to 6:30 pm",
    "saturday":"",
    "sunday":"",
    "ebt":"Unknown",
    "season":"",
    "notes":"Moberg Park",
    "designation":"Farmers Market",
    "pitch":60,
    "bearing":-60,
    "icon":""
    }
  },
  {
    "type": "Feature",
    "geometry": {
       "type": "Point",
       "coordinates":  [ -93.5842252,45.43882329 ]
    },
    "properties": {
    "id":78,
    "name":"Zimmerman Farmers Market",
    "address":"25850 Main St.",
    "city":"Zimmerman",
    "zip":55398,
    "website":"http://pzfarmersmarket.org",
    "phone":"",
    "source":"",
    "email":"N/A",
    "monday":"",
    "tuesday":"TU: 2:30 to 6 pm",
    "wednesday":"",
    "thursday":"",
    "friday":"",
    "saturday":"",
    "sunday":"",
    "ebt":"Unknown",
    "season":"",
    "notes":"",
    "designation":"Farmers Market",
    "pitch":60,
    "bearing":-60,
    "icon":""
    }
  },
  {
    "type": "Feature",
    "geometry": {
       "type": "Point",
       "coordinates":  [ -93.58018794,45.56948766 ]
    },
    "properties": {
    "id":79,
    "name":"Princeton Farmers Market",
    "address":"111 S Rum River Dr.",
    "city":"Princeton",
    "zip":55371,
    "website":"http://pzfarmersmarket.org",
    "phone":"763-389-2567",
    "source":"",
    "email":"N/A",
    "monday":"",
    "tuesday":"",
    "wednesday":"",
    "thursday":"",
    "friday":"",
    "saturday":"SA: 8:30 am to 12 pm",
    "sunday":"",
    "ebt":"Unknown",
    "season":"",
    "notes":"Princeton Mall",
    "designation":"Farmers Market",
    "pitch":60,
    "bearing":-60,
    "icon":""
    }
  },
  {
    "type": "Feature",
    "geometry": {
       "type": "Point",
       "coordinates":  [ -93.577804,45.305882 ]
    },
    "properties": {
    "id":80,
    "name":"Elk River Farmers Market",
    "address":"Downtown Elk River",
    "city":"Elk River",
    "zip":55330,
    "website":"http://elkrivermn.gov/index.aspx?NID=895",
    "phone":"N/A",
    "source":"",
    "email":"N/A",
    "monday":"",
    "tuesday":"",
    "wednesday":"",
    "thursday":"TH: 2 to 6 pm",
    "friday":"",
    "saturday":"",
    "sunday":"",
    "ebt":"Unknown",
    "season":"",
    "notes":"Downtown Elk River",
    "designation":"Farmers Market",
    "pitch":60,
    "bearing":-60,
    "icon":""
    }
  },
  {
    "type": "Feature",
    "geometry": {
       "type": "Point",
       "coordinates":  [ -93.38395,45.19756 ]
    },
    "properties": {
    "id":82,
    "name":"Anoka County Farmers Market",
    "address":"420 E. Main St.",
    "city":"Anoka",
    "zip":null,
    "website":"http://anokacounty.us",
    "phone":"763-792-4025",
    "source":"",
    "email":"N/A",
    "monday":"M: 2 to 6pm",
    "tuesday":"",
    "wednesday":"",
    "thursday":"",
    "friday":"",
    "saturday":"",
    "sunday":"",
    "ebt":"",
    "season":"",
    "notes":"Opens mid-July",
    "designation":"Farmers Market",
    "pitch":60,
    "bearing":-60,
    "icon":""
    }
  },
  {
    "type": "Feature",
    "geometry": {
       "type": "Point",
       "coordinates":  [ -93.2329,45.13181 ]
    },
    "properties": {
    "id":83,
    "name":"(Blaine) Anoka County Farmers Market",
    "address":"89th Av. NE.",
    "city":"Blaine",
    "zip":null,
    "website":"http://anokacounty.us",
    "phone":"763-792-4025",
    "source":"",
    "email":"N/A",
    "monday":"",
    "tuesday":"",
    "wednesday":"",
    "thursday":"",
    "friday":"",
    "saturday":"SA: 7 am to 12 pm",
    "sunday":"",
    "ebt":"",
    "season":"",
    "notes":"",
    "designation":"Farmers Market",
    "pitch":60,
    "bearing":-60,
    "icon":""
    }
  },
  {
    "type": "Feature",
    "geometry": {
       "type": "Point",
       "coordinates":  [ -93.35911,45.11423 ]
    },
    "properties": {
    "id":84,
    "name":"Brooklyn Park Farmers Market",
    "address":"8717 Zane Av. N.",
    "city":"Brooklyn Park",
    "zip":null,
    "website":"http://brooklynpark.org",
    "phone":"763-493-8333",
    "source":"",
    "email":"N/A",
    "monday":"",
    "tuesday":"",
    "wednesday":"W: 2 to 6 pm",
    "thursday":"",
    "friday":"",
    "saturday":"",
    "sunday":"",
    "ebt":"",
    "season":"",
    "notes":"June 21-Oct. 11",
    "designation":"Farmers Market",
    "pitch":60,
    "bearing":-60,
    "icon":""
    }
  },
  {
    "type": "Feature",
    "geometry": {
       "type": "Point",
       "coordinates":  [ -93.23589,45.04897 ]
    },
    "properties": {
    "id":85,
    "name":"(Columbia Heights) Anoka County Farmers Market",
    "address":"4444 Reservoir Blvd.",
    "city":"Columbia Heights",
    "zip":null,
    "website":"http://anokacounty.us",
    "phone":"763-792-4025",
    "source":"",
    "email":"N/A",
    "monday":"M: 2 to 5 pm",
    "tuesday":"",
    "wednesday":"",
    "thursday":"",
    "friday":"",
    "saturday":"",
    "sunday":"",
    "ebt":"",
    "season":"",
    "notes":"Opens mid-July",
    "designation":"Farmers Market",
    "pitch":60,
    "bearing":-60,
    "icon":""
    }
  },
  {
    "type": "Feature",
    "geometry": {
       "type": "Point",
       "coordinates":  [ -93.17263,44.83963 ]
    },
    "properties": {
    "id":86,
    "name":"Eagan Market Fest",
    "address":"1501 Central Pkwy.",
    "city":"Eagan",
    "zip":null,
    "website":"http://cityofeagan.com",
    "phone":"N/A",
    "source":"",
    "email":"N/A",
    "monday":"",
    "tuesday":"",
    "wednesday":"W: 4 to 8 pm",
    "thursday":"",
    "friday":"",
    "saturday":"",
    "sunday":"",
    "ebt":"",
    "season":"",
    "notes":"June 7-Aug. 30",
    "designation":"Farmers Market",
    "pitch":60,
    "bearing":-60,
    "icon":""
    }
  },
  {
    "type": "Feature",
    "geometry": {
       "type": "Point",
       "coordinates":  [ -93.14864,44.62647 ]
    },
    "properties": {
    "id":87,
    "name":"Farmington Farmers Market",
    "address":"4008 220th St. W.",
    "city":"Farmington",
    "zip":null,
    "website":"http://ci.farmington.mn.us",
    "phone":"N/A",
    "source":"",
    "email":"N/A",
    "monday":"",
    "tuesday":"",
    "wednesday":"",
    "thursday":"TH: 2:30 to 6:30 pm",
    "friday":"",
    "saturday":"",
    "sunday":"",
    "ebt":"",
    "season":"",
    "notes":"June 8-Oct. 12",
    "designation":"Farmers Market",
    "pitch":60,
    "bearing":-60,
    "icon":""
    }
  },
  {
    "type": "Feature",
    "geometry": {
       "type": "Point",
       "coordinates":  [ -93.47402341,45.06270692 ]
    },
    "properties": {
    "id":89,
    "name":"Plymouth Farmers Market",
    "address":"15500 County Rd.",
    "city":"Plymouth",
    "zip":null,
    "website":"http://plymouthmn.gov",
    "phone":"N/A",
    "source":"",
    "email":"N/A",
    "monday":"",
    "tuesday":"",
    "wednesday":"W: 2:30 tp 6:30 pm",
    "thursday":"",
    "friday":"",
    "saturday":"",
    "sunday":"",
    "ebt":"",
    "season":"",
    "notes":"June 28-Oct. 11",
    "designation":"Farmers Market",
    "pitch":60,
    "bearing":-60,
    "icon":""
    }
  },
  {
    "type": "Feature",
    "geometry": {
       "type": "Point",
       "coordinates":  [ -93.048416,44.888627 ]
    },
    "properties": {
    "id":90,
    "name":"South St. Paul Farmers Market",
    "address":"1151 Southview Blvd.",
    "city":"South St. Paul",
    "zip":null,
    "website":"http://stpaulfarmersmarket.com",
    "phone":"651-227-8101",
    "source":"",
    "email":"N/A",
    "monday":"",
    "tuesday":"",
    "wednesday":"W: 2 to 6 pm",
    "thursday":"",
    "friday":"",
    "saturday":"",
    "sunday":"",
    "ebt":"",
    "season":"",
    "notes":"June 28-Sept. 27",
    "designation":"Farmers Market",
    "pitch":60,
    "bearing":-60,
    "icon":""
    }
  },
  {
    "type": "Feature",
    "geometry": {
       "type": "Point",
       "coordinates":  [ -93.22716356,44.97460285 ]
    },
    "properties": {
    "id":91,
    "name":"University of Minnesota Farmers Market",
    "address":"200 SE. Oak. St.",
    "city":"Minneapolis",
    "zip":null,
    "website":"http://umn.edu",
    "phone":"N/A",
    "source":"",
    "email":"N/A",
    "monday":"",
    "tuesday":"",
    "wednesday":"W: 11 am to 2 pm",
    "thursday":"",
    "friday":"",
    "saturday":"",
    "sunday":"",
    "ebt":"",
    "season":"",
    "notes":"July 12-Sept. 27",
    "designation":"Farmers Market",
    "pitch":60,
    "bearing":-60,
    "icon":""
    }
  },
  {
    "type": "Feature",
    "geometry": {
       "type": "Point",
       "coordinates":  [ -93.061804,45.052309 ]
    },
    "properties": {
    "id":92,
    "name":"White Bear Lake Farmers Market",
    "address":"Washington Av. between 3rd and 4th Streets",
    "city":"White Bear Lake",
    "zip":null,
    "website":"http://whitebearlake.org",
    "phone":"651-747-3650",
    "source":"",
    "email":"N/A",
    "monday":"",
    "tuesday":"",
    "wednesday":"",
    "thursday":"",
    "friday":"F: 8 am to 12 pm",
    "saturday":"",
    "sunday":"",
    "ebt":"",
    "season":"",
    "notes":"June 30-Oct. 27",
    "designation":"Farmers Market",
    "pitch":60,
    "bearing":-60,
    "icon":""
    }
  },
  {
    "type": "Feature",
    "geometry": {
       "type": "Point",
       "coordinates":  [ -93.05196,45.05138 ]
    },
    "properties": {
    "id":93,
    "name":"Vadnais Heights Farmers Market",
    "address":"1155 E. County Rd. E.",
    "city":"Vadnais Heights",
    "zip":null,
    "website":"http://stpaulfarmersmarket.com",
    "phone":"651-227-8101",
    "source":"",
    "email":"N/A",
    "monday":"",
    "tuesday":"",
    "wednesday":"W: 2 to 6 pm",
    "thursday":"",
    "friday":"",
    "saturday":"",
    "sunday":"",
    "ebt":"",
    "season":"",
    "notes":"June 21-Sept. 27",
    "designation":"Farmers Market",
    "pitch":60,
    "bearing":-60,
    "icon":""
    }
  }
]
}